country,state,district,year,dyid,hardnesstotal,nsdp,gini
India,Andaman And Nicobar Islands,South Andaman,2010,South Andaman2010,207.14285,3138.7589504,0.33
India,Andhra Pradesh,Anantapur,2010,Anantapur2010,389.69232,330209.0564638,0.27
India,Andhra Pradesh,Chittoor,2010,Chittoor2010,336.89191,330209.0564638,0.31
India,Andhra Pradesh,East Godavari,2010,East Godavari2010,468.75,330209.0564638,0.28
India,Andhra Pradesh,Guntur,2010,Guntur2010,430.92499,330209.0564638,0.33
India,Andhra Pradesh,Krishna,2010,Krishna2010,449.67999,330209.0564638,0.33
India,Andhra Pradesh,Kurnool,2010,Kurnool2010,448.375,330209.0564638,0.26
India,Andhra Pradesh,Prakasam,2010,Prakasam2010,368.25714,330209.0564638,0.24
India,Andhra Pradesh,Sri Potti Sriramulu Nellore,2010,Sri Potti Sriramulu Nellore2010,412.5,330209.0564638,0.27
India,Andhra Pradesh,Srikakulam,2010,Srikakulam2010,456.03845,330209.0564638,0.27
India,Andhra Pradesh,Visakhapatanam,2010,Visakhapatanam2010,294.86487,330209.0564638,0.42
India,Andhra Pradesh,Vizianagaram,2010,Vizianagaram2010,358.47827,330209.0564638,0.28
India,Andhra Pradesh,West Godavari,2010,West Godavari2010,465.88235,330209.0564638,0.26
India,Andhra Pradesh,Y.S.R.,2010,Y.S.R.2010,375.04544,330209.0564638,0.35
India,Arunachal Pradesh,Changlang,2010,Changlang2010,113.0,9720.1720671,0.3
India,Arunachal Pradesh,East Siang,2010,East Siang2010,82.0,9720.1720671,0.28
India,Arunachal Pradesh,Lohit,2010,Lohit2010,50.0,9720.1720671,0.31
India,Arunachal Pradesh,Tirap,2010,Tirap2010,82.0,9720.1720671,0.22
India,Assam,Barpeta,2010,Barpeta2010,210.0,124268.408209,0.21
India,Assam,Bongaigaon,2010,Bongaigaon2010,119.25,124268.408209,0.27
India,Assam,Cachar,2010,Cachar2010,44.0,124268.408209,0.19
India,Assam,Dhemaji,2010,Dhemaji2010,117.0,124268.408209,0.18
India,Assam,Dhubri,2010,Dhubri2010,157.0,124268.408209,0.24
India,Assam,Dibrugarh,2010,Dibrugarh2010,137.71428,124268.408209,0.27
India,Assam,Goalpara,2010,Goalpara2010,52.0,124268.408209,0.24
India,Assam,Golaghat,2010,Golaghat2010,281.0,124268.408209,0.22
India,Assam,Jorhat,2010,Jorhat2010,229.0,124268.408209,0.31
India,Assam,Kamrup,2010,Kamrup2010,125.0,124268.408209,0.24
India,Assam,Kamrup Metropolitan,2010,Kamrup Metropolitan2010,154.16667,124268.408209,0.31
India,Assam,Karbi Anglong,2010,Karbi Anglong2010,101.0,124268.408209,0.17
India,Assam,Karimganj,2010,Karimganj2010,36.0,124268.408209,0.19
India,Assam,Lakhimpur,2010,Lakhimpur2010,71.0,124268.408209,0.21
India,Assam,Morigaon,2010,Morigaon2010,100.0,124268.408209,0.17
India,Assam,Nagaon,2010,Nagaon2010,154.8,124268.408209,0.24
India,Assam,Sivasagar,2010,Sivasagar2010,111.0,124268.408209,0.23
India,Assam,Sonitpur,2010,Sonitpur2010,98.0,124268.408209,0.19
India,Assam,Tinsukia,2010,Tinsukia2010,110.0,124268.408209,0.24
India,Bihar,Arwal,2010,Arwal2010,195.0,207295.1926379,0.21
India,Bihar,Aurangabad,2010,Aurangabad2010,326.90475,207295.1926379,0.19
India,Bihar,Banka,2010,Banka2010,246.66667,207295.1926379,0.19
India,Bihar,Begusarai,2010,Begusarai2010,355.83334,207295.1926379,0.21
India,Bihar,Bhagalpur,2010,Bhagalpur2010,279.44446,207295.1926379,0.24
India,Bihar,Bhojpur,2010,Bhojpur2010,208.33333,207295.1926379,0.23
India,Bihar,Buxar,2010,Buxar2010,248.75,207295.1926379,0.23
India,Bihar,Darbhanga,2010,Darbhanga2010,361.66666,207295.1926379,0.2
India,Bihar,Gaya,2010,Gaya2010,280.0,207295.1926379,0.21
India,Bihar,Gopalganj,2010,Gopalganj2010,272.0,207295.1926379,0.17
India,Bihar,Jamui,2010,Jamui2010,213.0,207295.1926379,0.21
India,Bihar,Jehanabad,2010,Jehanabad2010,460.0,207295.1926379,0.23
India,Bihar,Kaimur (Bhabua),2010,Kaimur (Bhabua)2010,298.0,207295.1926379,0.21
India,Bihar,Khagaria,2010,Khagaria2010,340.0,207295.1926379,0.2
India,Bihar,Lakhisarai,2010,Lakhisarai2010,252.0,207295.1926379,0.22
India,Bihar,Madhubani,2010,Madhubani2010,321.66666,207295.1926379,0.25
India,Bihar,Munger,2010,Munger2010,241.66667,207295.1926379,0.26
India,Bihar,Muzaffarpur,2010,Muzaffarpur2010,346.25,207295.1926379,0.24
India,Bihar,Nalanda,2010,Nalanda2010,243.0,207295.1926379,0.27
India,Bihar,Nawada,2010,Nawada2010,207.0,207295.1926379,0.16
India,Bihar,Pashchim Champaran,2010,Pashchim Champaran2010,212.0,207295.1926379,0.22
India,Bihar,Patna,2010,Patna2010,209.28572,207295.1926379,0.34
India,Bihar,Purbi Champaran,2010,Purbi Champaran2010,234.16667,207295.1926379,0.23
India,Bihar,Rohtas,2010,Rohtas2010,275.66666,207295.1926379,0.23
India,Bihar,Saharsa,2010,Saharsa2010,244.0,207295.1926379,0.23
India,Bihar,Samastipur,2010,Samastipur2010,480.0,207295.1926379,0.2
India,Bihar,Saran,2010,Saran2010,251.875,207295.1926379,0.23
India,Bihar,Sheikhpura,2010,Sheikhpura2010,220.0,207295.1926379,0.21
India,Bihar,Sitamarhi,2010,Sitamarhi2010,310.0,207295.1926379,0.21
India,Bihar,Siwan,2010,Siwan2010,264.375,207295.1926379,0.19
India,Bihar,Supaul,2010,Supaul2010,253.0,207295.1926379,0.21
India,Bihar,Vaishali,2010,Vaishali2010,193.33333,207295.1926379,0.25
India,Chandigarh,Chandigarh,2010,Chandigarh2010,167.0,16655.5821523,0.39
India,Chhattisgarh,Raigarh,2010,Raigarh2010,200.41667,133464.9164795,0.27
India,Delhi,East,2010,East2010,329.85715,299873.9628476,0.34
India,Delhi,New Delhi,2010,New Delhi2010,608.0,299873.9628476,0.34
India,Delhi,North,2010,North2010,603.0,299873.9628476,0.34
India,Delhi,North East,2010,North East2010,306.25,299873.9628476,0.22
India,Delhi,North West,2010,North West2010,826.22729,299873.9628476,0.36
India,Delhi,South,2010,South2010,356.8125,299873.9628476,0.34
India,Delhi,South West,2010,South West2010,938.71429,299873.9628476,0.34
India,Delhi,West,2010,West2010,2114.0,299873.9628476,0.34
India,Gujarat,Ahmadabad,2010,Ahmadabad2010,751.81818,499605.6040329,0.33
India,Gujarat,Amreli,2010,Amreli2010,517.41382,499605.6040329,0.19
India,Gujarat,Anand,2010,Anand2010,420.0,499605.6040329,0.21
India,Gujarat,Banas Kantha,2010,Banas Kantha2010,357.69232,499605.6040329,0.22
India,Gujarat,Bharuch,2010,Bharuch2010,310.55554,499605.6040329,0.25
India,Gujarat,Bhavnagar,2010,Bhavnagar2010,527.69232,499605.6040329,0.24
India,Gujarat,Dahod,2010,Dahod2010,362.30768,499605.6040329,0.19
India,Gujarat,Gandhinagar,2010,Gandhinagar2010,500.0,499605.6040329,0.3
India,Gujarat,Jamnagar,2010,Jamnagar2010,604.19354,499605.6040329,0.18
India,Gujarat,Junagadh,2010,Junagadh2010,1041.1765,499605.6040329,0.23
India,Gujarat,Kachchh,2010,Kachchh2010,774.70587,499605.6040329,0.35
India,Gujarat,Kheda,2010,Kheda2010,472.0,499605.6040329,0.22
India,Gujarat,Mahesana,2010,Mahesana2010,576.9231,499605.6040329,0.32
India,Gujarat,Narmada,2010,Narmada2010,380.0,499605.6040329,0.19
India,Gujarat,Navsari,2010,Navsari2010,304.44446,499605.6040329,0.3
India,Gujarat,Panch Mahals,2010,Panch Mahals2010,304.54544,499605.6040329,0.23
India,Gujarat,Patan,2010,Patan2010,1165.0,499605.6040329,0.33
India,Gujarat,Porbandar,2010,Porbandar2010,900.0,499605.6040329,0.21
India,Gujarat,Rajkot,2010,Rajkot2010,621.2121,499605.6040329,0.29
India,Gujarat,Sabar Kantha,2010,Sabar Kantha2010,410.52631,499605.6040329,0.22
India,Gujarat,Surat,2010,Surat2010,358.5,499605.6040329,0.29
India,Gujarat,Surat,2010,Surat2010,358.5,499605.6040329,0.29
India,Gujarat,Surendranagar,2010,Surendranagar2010,837.82611,499605.6040329,0.33
India,Gujarat,Tapi,2010,Tapi2010,320.0,499605.6040329,0.29
India,Gujarat,The Dangs,2010,The Dangs2010,212.35294,499605.6040329,0.31
India,Gujarat,Vadodara,2010,Vadodara2010,559.62964,499605.6040329,0.33
India,Gujarat,Valsad,2010,Valsad2010,252.5,499605.6040329,0.32
India,Haryana,Ambala,2010,Ambala2010,378.71429,249823.4552757,0.37
India,Haryana,Bhiwani,2010,Bhiwani2010,543.79999,249823.4552757,0.27
India,Haryana,Faridabad,2010,Faridabad2010,348.33334,249823.4552757,0.42
India,Haryana,Fatehabad,2010,Fatehabad2010,968.66669,249823.4552757,0.3
India,Haryana,Gurgaon,2010,Gurgaon2010,434.875,249823.4552757,0.42
India,Haryana,Hisar,2010,Hisar2010,492.69232,249823.4552757,0.3
India,Haryana,Jhajjar,2010,Jhajjar2010,401.23529,249823.4552757,0.25
India,Haryana,Jind,2010,Jind2010,387.25,249823.4552757,0.28
India,Haryana,Kaithal,2010,Kaithal2010,393.10001,249823.4552757,0.28
India,Haryana,Karnal,2010,Karnal2010,260.40909,249823.4552757,0.34
India,Haryana,Kurukshetra,2010,Kurukshetra2010,156.77777,249823.4552757,0.3
India,Haryana,Mahendragarh,2010,Mahendragarh2010,319.0,249823.4552757,0.25
India,Haryana,Nuh,2010,Nuh2010,506.70001,249823.4552757,0.26
India,Haryana,Panchkula,2010,Panchkula2010,178.5,249823.4552757,0.44
India,Haryana,Panipat,2010,Panipat2010,413.69232,249823.4552757,0.28
India,Haryana,Rewari,2010,Rewari2010,508.89999,249823.4552757,0.32
India,Haryana,Rohtak,2010,Rohtak2010,515.07141,249823.4552757,0.28
India,Haryana,Sirsa,2010,Sirsa2010,490.53333,249823.4552757,0.31
India,Haryana,Sonipat,2010,Sonipat2010,595.4762,249823.4552757,0.24
India,Haryana,Yamunanagar,2010,Yamunanagar2010,215.45454,249823.4552757,0.26
India,Himachal Pradesh,Kangra,2010,Kangra2010,193.08696,56319.523936,0.3
India,Himachal Pradesh,Kullu,2010,Kullu2010,130.66667,56319.523936,0.26
India,Himachal Pradesh,Mandi,2010,Mandi2010,139.75,56319.523936,0.24
India,Himachal Pradesh,Sirmaur,2010,Sirmaur2010,154.10001,56319.523936,0.35
India,Himachal Pradesh,Solan,2010,Solan2010,151.08333,56319.523936,0.32
India,Himachal Pradesh,Una,2010,Una2010,203.61111,56319.523936,0.27
India,Jammu And Kashmir,Jammu,2010,Jammu2010,205.63829,61986.6628807,0.31
India,Jammu And Kashmir,Kathua,2010,Kathua2010,178.87097,61986.6628807,0.24
India,Jammu And Kashmir,Poonch,2010,Poonch2010,85.0,61986.6628807,0.22
India,Jammu And Kashmir,Rajouri,2010,Rajouri2010,139.16667,61986.6628807,0.21
India,Jammu And Kashmir,Udhampur,2010,Udhampur2010,102.22222,61986.6628807,0.26
India,Jharkhand,Bokaro,2010,Bokaro2010,300.0,130488.9543595,0.29
India,Jharkhand,Chatra,2010,Chatra2010,240.0,130488.9543595,0.21
India,Jharkhand,Deoghar,2010,Deoghar2010,297.0,130488.9543595,0.27
India,Jharkhand,Dhanbad,2010,Dhanbad2010,308.0,130488.9543595,0.34
India,Jharkhand,Dumka,2010,Dumka2010,169.09091,130488.9543595,0.23
India,Jharkhand,Garhwa,2010,Garhwa2010,275.0,130488.9543595,0.22
India,Jharkhand,Giridih,2010,Giridih2010,162.5,130488.9543595,0.21
India,Jharkhand,Gumla,2010,Gumla2010,150.71428,130488.9543595,0.21
India,Jharkhand,Gumla,2010,Gumla2010,150.71428,130488.9543595,0.21
India,Jharkhand,Hazaribagh,2010,Hazaribagh2010,320.0,130488.9543595,0.24
India,Jharkhand,Jamtara,2010,Jamtara2010,162.5,130488.9543595,0.21
India,Jharkhand,Khunti,2010,Khunti2010,206.66667,130488.9543595,0.23
India,Jharkhand,Koderma,2010,Koderma2010,357.5,130488.9543595,0.27
India,Jharkhand,Latehar,2010,Latehar2010,276.0,130488.9543595,0.25
India,Jharkhand,Lohardaga,2010,Lohardaga2010,196.75,130488.9543595,0.24
India,Jharkhand,Pakur,2010,Pakur2010,190.83333,130488.9543595,0.23
India,Jharkhand,Palamu,2010,Palamu2010,298.0,130488.9543595,0.36
India,Jharkhand,Pashchimi Singhbhum,2010,Pashchimi Singhbhum2010,270.0,130488.9543595,0.19
India,Jharkhand,Pashchimi Singhbhum,2010,Pashchimi Singhbhum2010,270.0,130488.9543595,0.19
India,Jharkhand,Purbi Singhbhum,2010,Purbi Singhbhum2010,215.0,130488.9543595,0.26
India,Jharkhand,Ramgarh,2010,Ramgarh2010,241.25,130488.9543595,0.18
India,Jharkhand,Ranchi,2010,Ranchi2010,188.57143,130488.9543595,0.34
India,Jharkhand,Sahebganj,2010,Sahebganj2010,325.0,130488.9543595,0.23
India,Jharkhand,Saraikela Kharsawan,2010,Saraikela Kharsawan2010,443.33334,130488.9543595,0.19
India,Jharkhand,Simdega,2010,Simdega2010,164.0,130488.9543595,0.21
India,Karnataka,Bangalore,2010,Bangalore2010,260.0,538790.6955123,0.36
India,Karnataka,Bangalore Rural,2010,Bangalore Rural2010,170.0,538790.6955123,0.29
India,Karnataka,Dakshina Kannada,2010,Dakshina Kannada2010,83.199997,538790.6955123,0.44
India,Karnataka,Hassan,2010,Hassan2010,236.25,538790.6955123,0.18
India,Karnataka,Ramanagara,2010,Ramanagara2010,235.45454,538790.6955123,0.39
India,Karnataka,Tumkur,2010,Tumkur2010,150.0,538790.6955123,0.24
India,Kerala,Alappuzha,2010,Alappuzha2010,58.054054,309969.0946772,0.32
India,Kerala,Ernakulam,2010,Ernakulam2010,41.404762,309969.0946772,0.42
India,Kerala,Idukki,2010,Idukki2010,46.46875,309969.0946772,0.4
India,Kerala,Kannur,2010,Kannur2010,32.047619,309969.0946772,0.31
India,Kerala,Kasaragod,2010,Kasaragod2010,24.125,309969.0946772,0.26
India,Kerala,Kollam,2010,Kollam2010,38.55814,309969.0946772,0.35
India,Kerala,Kottayam,2010,Kottayam2010,45.200001,309969.0946772,0.37
India,Kerala,Kozhikode,2010,Kozhikode2010,37.157894,309969.0946772,0.33
India,Kerala,Malappuram,2010,Malappuram2010,47.47541,309969.0946772,0.37
India,Kerala,Palakkad,2010,Palakkad2010,66.650795,309969.0946772,0.39
India,Kerala,Pathanamthitta,2010,Pathanamthitta2010,28.962963,309969.0946772,0.31
India,Kerala,Thiruvananthapuram,2010,Thiruvananthapuram2010,45.708332,309969.0946772,0.36
India,Kerala,Thrissur,2010,Thrissur2010,31.263159,309969.0946772,0.36
India,Kerala,Wayanad,2010,Wayanad2010,54.19355,309969.0946772,0.31
India,Madhya Pradesh,Alirajpur,2010,Alirajpur2010,412.77777,259230.1690989,0.32
India,Madhya Pradesh,Anuppur,2010,Anuppur2010,203.33333,259230.1690989,0.37
India,Madhya Pradesh,Ashoknagar,2010,Ashoknagar2010,258.63635,259230.1690989,0.18
India,Madhya Pradesh,Balaghat,2010,Balaghat2010,230.27272,259230.1690989,0.27
India,Madhya Pradesh,Barwani,2010,Barwani2010,305.0,259230.1690989,0.24
India,Madhya Pradesh,Betul,2010,Betul2010,305.625,259230.1690989,0.33
India,Madhya Pradesh,Bhind,2010,Bhind2010,329.7619,259230.1690989,0.19
India,Madhya Pradesh,Bhopal,2010,Bhopal2010,367.5,259230.1690989,0.46
India,Madhya Pradesh,Burhanpur,2010,Burhanpur2010,336.5,259230.1690989,0.23
India,Madhya Pradesh,Chhatarpur,2010,Chhatarpur2010,366.52173,259230.1690989,0.23
India,Madhya Pradesh,Chhindwara,2010,Chhindwara2010,356.39999,259230.1690989,0.44
India,Madhya Pradesh,Damoh,2010,Damoh2010,333.0,259230.1690989,0.23
India,Madhya Pradesh,Datia,2010,Datia2010,347.5,259230.1690989,0.23
India,Madhya Pradesh,Dewas,2010,Dewas2010,466.11111,259230.1690989,0.34
India,Madhya Pradesh,Dhar,2010,Dhar2010,400.78946,259230.1690989,0.24
India,Madhya Pradesh,Dindori,2010,Dindori2010,213.5,259230.1690989,0.22
India,Madhya Pradesh,East Nimar,2010,East Nimar2010,370.35715,259230.1690989,0.23
India,Madhya Pradesh,Guna,2010,Guna2010,274.72223,259230.1690989,0.23
India,Madhya Pradesh,Gwalior,2010,Gwalior2010,310.27777,259230.1690989,0.33
India,Madhya Pradesh,Harda,2010,Harda2010,388.125,259230.1690989,0.32
India,Madhya Pradesh,Hoshangabad,2010,Hoshangabad2010,272.69232,259230.1690989,0.34
India,Madhya Pradesh,Indore,2010,Indore2010,480.55554,259230.1690989,0.3
India,Madhya Pradesh,Jabalpur,2010,Jabalpur2010,274.11765,259230.1690989,0.4
India,Madhya Pradesh,Jabalpur,2010,Jabalpur2010,274.11765,259230.1690989,0.4
India,Madhya Pradesh,Jhabua,2010,Jhabua2010,341.11111,259230.1690989,0.24
India,Madhya Pradesh,Katni,2010,Katni2010,250.76923,259230.1690989,0.35
India,Madhya Pradesh,Khargone,2010,Khargone2010,595.0,259230.1690989,0.24
India,Madhya Pradesh,Mandla,2010,Mandla2010,202.82608,259230.1690989,0.23
India,Madhya Pradesh,Mandsaur,2010,Mandsaur2010,405.71429,259230.1690989,0.21
India,Madhya Pradesh,Morena,2010,Morena2010,398.33334,259230.1690989,0.26
India,Madhya Pradesh,Narsinghpur,2010,Narsinghpur2010,310.66666,259230.1690989,0.4
India,Madhya Pradesh,Narsinghpur,2010,Narsinghpur2010,380.0,259230.1690989,0.4
India,Madhya Pradesh,Neemuch,2010,Neemuch2010,374.47369,259230.1690989,0.2
India,Madhya Pradesh,Panna,2010,Panna2010,322.27274,259230.1690989,0.24
India,Madhya Pradesh,Raisen,2010,Raisen2010,332.0,259230.1690989,0.28
India,Madhya Pradesh,Rajgarh,2010,Rajgarh2010,330.35715,259230.1690989,0.3
India,Madhya Pradesh,Ratlam,2010,Ratlam2010,370.83334,259230.1690989,0.21
India,Madhya Pradesh,Rewa,2010,Rewa2010,431.47058,259230.1690989,0.26
India,Madhya Pradesh,Sagar,2010,Sagar2010,344.79999,259230.1690989,0.26
India,Madhya Pradesh,Satna,2010,Satna2010,366.11111,259230.1690989,0.26
India,Madhya Pradesh,Sehore,2010,Sehore2010,357.66666,259230.1690989,0.34
India,Madhya Pradesh,Seoni,2010,Seoni2010,300.0,259230.1690989,0.27
India,Madhya Pradesh,Shahdol,2010,Shahdol2010,239.23077,259230.1690989,0.28
India,Madhya Pradesh,Shajapur,2010,Shajapur2010,256.66666,259230.1690989,0.25
India,Madhya Pradesh,Sheopur,2010,Sheopur2010,315.33334,259230.1690989,0.28
India,Madhya Pradesh,Shivpuri,2010,Shivpuri2010,337.58621,259230.1690989,0.27
India,Madhya Pradesh,Sidhi,2010,Sidhi2010,236.19048,259230.1690989,0.24
India,Madhya Pradesh,Singrauli,2010,Singrauli2010,231.66667,259230.1690989,0.3
India,Madhya Pradesh,Tikamgarh,2010,Tikamgarh2010,457.33334,259230.1690989,0.19
India,Madhya Pradesh,Ujjain,2010,Ujjain2010,369.04761,259230.1690989,0.35
India,Madhya Pradesh,Umaria,2010,Umaria2010,193.33333,259230.1690989,0.25
India,Madhya Pradesh,Vidisha,2010,Vidisha2010,362.10526,259230.1690989,0.26
India,Madhya Pradesh,West Nimar,2010,West Nimar2010,495.0,259230.1690989,0.24
India,Maharashtra,Ahmednagar,2010,Ahmednagar2010,496.5625,1080814.5878042,0.24
India,Maharashtra,Akola,2010,Akola2010,416.66666,1080814.5878042,0.25
India,Maharashtra,Amravati,2010,Amravati2010,330.11365,1080814.5878042,0.29
India,Maharashtra,Beed,2010,Beed2010,321.875,1080814.5878042,0.24
India,Maharashtra,Bhandara,2010,Bhandara2010,416.57895,1080814.5878042,0.24
India,Maharashtra,Buldana,2010,Buldana2010,482.63159,1080814.5878042,0.25
India,Maharashtra,Chandrapur,2010,Chandrapur2010,299.375,1080814.5878042,0.3
India,Maharashtra,Dhule,2010,Dhule2010,352.61905,1080814.5878042,0.24
India,Maharashtra,Gadchiroli,2010,Gadchiroli2010,371.42856,1080814.5878042,0.24
India,Maharashtra,Gondia,2010,Gondia2010,235.26315,1080814.5878042,0.4
India,Maharashtra,Hingoli,2010,Hingoli2010,298.33334,1080814.5878042,0.27
India,Maharashtra,Jalgaon,2010,Jalgaon2010,436.03448,1080814.5878042,0.26
India,Maharashtra,Jalna,2010,Jalna2010,710.0,1080814.5878042,0.18
India,Maharashtra,Kolhapur,2010,Kolhapur2010,215.96774,1080814.5878042,0.21
India,Maharashtra,Latur,2010,Latur2010,278.33334,1080814.5878042,0.24
India,Maharashtra,Mumbai,2010,Mumbai2010,200.0,1080814.5878042,0.39
India,Maharashtra,Mumbai Suburban,2010,Mumbai Suburban2010,165.0,1080814.5878042,0.39
India,Maharashtra,Mumbai Suburban,2010,Mumbai Suburban2010,165.0,1080814.5878042,0.39
India,Maharashtra,Nagpur,2010,Nagpur2010,239.72223,1080814.5878042,0.34
India,Maharashtra,Nanded,2010,Nanded2010,262.5,1080814.5878042,0.3
India,Maharashtra,Nandurbar,2010,Nandurbar2010,257.5,1080814.5878042,0.25
India,Maharashtra,Nashik,2010,Nashik2010,266.70731,1080814.5878042,0.3
India,Maharashtra,Osmanabad,2010,Osmanabad2010,269.28571,1080814.5878042,0.25
India,Maharashtra,Parbhani,2010,Parbhani2010,287.5,1080814.5878042,0.25
India,Maharashtra,Pune,2010,Pune2010,248.18182,1080814.5878042,0.37
India,Maharashtra,Raigad,2010,Raigad2010,205.0,1080814.5878042,0.35
India,Maharashtra,Ratnagiri,2010,Ratnagiri2010,75.930229,1080814.5878042,0.25
India,Maharashtra,Sangli,2010,Sangli2010,341.66666,1080814.5878042,0.24
India,Maharashtra,Satara,2010,Satara2010,224.0,1080814.5878042,0.31
India,Maharashtra,Sindhudurg,2010,Sindhudurg2010,88.888885,1080814.5878042,0.21
India,Maharashtra,Solapur,2010,Solapur2010,436.875,1080814.5878042,0.28
India,Maharashtra,Thane,2010,Thane2010,216.29033,1080814.5878042,0.37
India,Maharashtra,Wardha,2010,Wardha2010,282.10526,1080814.5878042,0.24
India,Maharashtra,Washim,2010,Washim2010,280.0,1080814.5878042,0.23
India,Maharashtra,Yavatmal,2010,Yavatmal2010,446.92307,1080814.5878042,0.25
India,Meghalaya,East Garo Hills,2010,East Garo Hills2010,22.0,16143.058564,0.17
India,Meghalaya,South Garo Hills,2010,South Garo Hills2010,36.0,16143.058564,0.18
India,Pondicherry,Puducherry,2010,Puducherry2010,225.0,14619.8164933,0.32
India,Pondicherry,Yanam,2010,Yanam2010,390.0,14619.8164933,0.32
India,Punjab,Amritsar,2010,Amritsar2010,223.66667,226995.4768816,0.3
India,Punjab,Barnala,2010,Barnala2010,226.16667,226995.4768816,0.31
India,Punjab,Bathinda,2010,Bathinda2010,448.65216,226995.4768816,0.32
India,Punjab,Faridkot,2010,Faridkot2010,362.5,226995.4768816,0.31
India,Punjab,Fatehgarh Sahib,2010,Fatehgarh Sahib2010,248.88889,226995.4768816,0.32
India,Punjab,Firozpur,2010,Firozpur2010,482.1875,226995.4768816,0.3
India,Punjab,Gurdaspur,2010,Gurdaspur2010,210.72728,226995.4768816,0.26
India,Punjab,Hoshiarpur,2010,Hoshiarpur2010,209.3,226995.4768816,0.26
India,Punjab,Jalandhar,2010,Jalandhar2010,217.39999,226995.4768816,0.33
India,Punjab,Kapurthala,2010,Kapurthala2010,227.83333,226995.4768816,0.33
India,Punjab,Ludhiana,2010,Ludhiana2010,270.5,226995.4768816,0.29
India,Punjab,Mansa,2010,Mansa2010,412.5,226995.4768816,0.26
India,Punjab,Moga,2010,Moga2010,122.0,226995.4768816,0.27
India,Punjab,Muktsar,2010,Muktsar2010,577.57141,226995.4768816,0.26
India,Punjab,Nawanshahr,2010,Nawanshahr2010,234.5,226995.4768816,0.29
India,Punjab,Patiala,2010,Patiala2010,315.38889,226995.4768816,0.32
India,Punjab,Rupnagar,2010,Rupnagar2010,237.54546,226995.4768816,0.31
India,Punjab,S.A.S Nagar,2010,S.A.S Nagar2010,255.0,226995.4768816,0.36
India,Punjab,S.A.S Nagar,2010,S.A.S Nagar2010,282.36365,226995.4768816,0.36
India,Punjab,Sangrur,2010,Sangrur2010,362.5,226995.4768816,0.35
India,Punjab,Tarn Taran,2010,Tarn Taran2010,215.71428,226995.4768816,0.31
India,Rajasthan,Ajmer,2010,Ajmer2010,412.77274,361435.8554958,0.31
India,Rajasthan,Alwar,2010,Alwar2010,510.91666,361435.8554958,0.39
India,Rajasthan,Banswara,2010,Banswara2010,244.0,361435.8554958,0.27
India,Rajasthan,Baran,2010,Baran2010,371.66666,361435.8554958,0.2
India,Rajasthan,Barmer,2010,Barmer2010,809.74469,361435.8554958,0.25
India,Rajasthan,Bharatpur,2010,Bharatpur2010,762.5,361435.8554958,0.25
India,Rajasthan,Bhilwara,2010,Bhilwara2010,422.08334,361435.8554958,0.24
India,Rajasthan,Bikaner,2010,Bikaner2010,364.0,361435.8554958,0.29
India,Rajasthan,Bundi,2010,Bundi2010,373.54544,361435.8554958,0.24
India,Rajasthan,Chittorgarh,2010,Chittorgarh2010,830.0,361435.8554958,0.3
India,Rajasthan,Chittorgarh,2010,Chittorgarh2010,317.0,361435.8554958,0.3
India,Rajasthan,Churu,2010,Churu2010,694.61536,361435.8554958,0.21
India,Rajasthan,Dausa,2010,Dausa2010,237.5,361435.8554958,0.22
India,Rajasthan,Dhaulpur,2010,Dhaulpur2010,1620.0,361435.8554958,0.25
India,Rajasthan,Dholpur,2010,Dholpur2010,540.0,361435.8554958,0.25
India,Rajasthan,Dungarpur,2010,Dungarpur2010,377.14285,361435.8554958,0.24
India,Rajasthan,Ganganagar,2010,Ganganagar2010,782.40002,361435.8554958,0.25
India,Rajasthan,Hanumangarh,2010,Hanumangarh2010,749.67999,361435.8554958,0.24
India,Rajasthan,Jaipur,2010,Jaipur2010,512.63159,361435.8554958,0.32
India,Rajasthan,Jaisalmer,2010,Jaisalmer2010,523.76471,361435.8554958,0.2
India,Rajasthan,Jalore,2010,Jalore2010,452.53845,361435.8554958,0.25
India,Rajasthan,Jhalawar,2010,Jhalawar2010,567.25,361435.8554958,0.2
India,Rajasthan,Jhunjhunu,2010,Jhunjhunu2010,205.41176,361435.8554958,0.23
India,Rajasthan,Jhunjhunu,2010,Jhunjhunu2010,160.0,361435.8554958,0.23
India,Rajasthan,Jodhpur,2010,Jodhpur2010,511.90909,361435.8554958,0.37
India,Rajasthan,Karauli,2010,Karauli2010,400.0,361435.8554958,0.23
India,Rajasthan,Kota,2010,Kota2010,338.75,361435.8554958,0.28
India,Rajasthan,Nagaur,2010,Nagaur2010,531.05713,361435.8554958,0.22
India,Rajasthan,Pali,2010,Pali2010,331.875,361435.8554958,0.2
India,Rajasthan,Pratapgarh,2010,Pratapgarh2010,376.0,361435.8554958,0.3
India,Rajasthan,Rajsamand,2010,Rajsamand2010,455.26315,361435.8554958,0.24
India,Rajasthan,Sawai Madhopur,2010,Sawai Madhopur2010,332.14285,361435.8554958,0.21
India,Rajasthan,Sikar,2010,Sikar2010,221.08696,361435.8554958,0.26
India,Rajasthan,Sirohi,2010,Sirohi2010,526.20001,361435.8554958,0.29
India,Rajasthan,Tonk,2010,Tonk2010,766.66669,361435.8554958,0.29
India,Rajasthan,Udaipur,2010,Udaipur2010,397.33334,361435.8554958,0.28
India,Tamil Nadu,Ariyalur,2010,Ariyalur2010,158.33333,628151.2480917,0.24
India,Tamil Nadu,Chennai,2010,Chennai2010,335.0,628151.2480917,0.34
India,Tamil Nadu,Coimbatore,2010,Coimbatore2010,435.0,628151.2480917,0.34
India,Tamil Nadu,Coimbatore,2010,Coimbatore2010,435.0,628151.2480917,0.34
India,Tamil Nadu,Cuddalore,2010,Cuddalore2010,315.90909,628151.2480917,0.27
India,Tamil Nadu,Cuddalore,2010,Cuddalore2010,315.90909,628151.2480917,0.27
India,Tamil Nadu,Dharmapuri,2010,Dharmapuri2010,646.25,628151.2480917,0.32
India,Tamil Nadu,Dindigul,2010,Dindigul2010,489.66666,628151.2480917,0.28
India,Tamil Nadu,Erode,2010,Erode2010,327.0,628151.2480917,0.31
India,Tamil Nadu,Kanniyakumari,2010,Kanniyakumari2010,327.85715,628151.2480917,0.36
India,Tamil Nadu,Karur,2010,Karur2010,382.14285,628151.2480917,0.3
India,Tamil Nadu,Krishnagiri,2010,Krishnagiri2010,456.0,628151.2480917,0.39
India,Tamil Nadu,Madurai,2010,Madurai2010,450.0,628151.2480917,0.28
India,Tamil Nadu,Perambalur,2010,Perambalur2010,552.5,628151.2480917,0.27
India,Tamil Nadu,Pudukkottai,2010,Pudukkottai2010,273.33334,628151.2480917,0.27
India,Tamil Nadu,Salem,2010,Salem2010,455.0,628151.2480917,0.26
India,Tamil Nadu,Sivaganga,2010,Sivaganga2010,340.625,628151.2480917,0.27
India,Tamil Nadu,The Nilgiris,2010,The Nilgiris2010,110.0,628151.2480917,0.3
India,Tamil Nadu,Theni,2010,Theni2010,572.85712,628151.2480917,0.24
India,Tamil Nadu,Thiruvallur,2010,Thiruvallur2010,296.66666,628151.2480917,0.3
India,Tamil Nadu,Thoothukkudi,2010,Thoothukkudi2010,397.64706,628151.2480917,0.2
India,Tamil Nadu,Tiruchirappalli,2010,Tiruchirappalli2010,516.5,628151.2480917,0.29
India,Tamil Nadu,Tirunelveli,2010,Tirunelveli2010,370.0,628151.2480917,0.28
India,Tamil Nadu,Tiruppur,2010,Tiruppur2010,490.0,628151.2480917,0.34
India,Tamil Nadu,Tiruvannamalai,2010,Tiruvannamalai2010,278.33334,628151.2480917,0.29
India,Tamil Nadu,Vellore,2010,Vellore2010,571.9231,628151.2480917,0.28
India,Tamil Nadu,Villupuram,2010,Villupuram2010,400.1875,628151.2480917,0.27
India,Telangana,Adilabad,2010,Adilabad2010,394.54544,307974.0313275,0.37
India,Telangana,Adilabad,2010,Adilabad2010,394.54544,307974.0313275,0.37
India,Telangana,Bhadradri Kothagudem,2010,Bhadradri Kothagudem2010,421.0,307974.0313275,0.23
India,Telangana,Hyderabad,2010,Hyderabad2010,291.66666,307974.0313275,0.26
India,Telangana,Jagitial,2010,Jagitial2010,392.0,307974.0313275,0.2
India,Telangana,Jangoan,2010,Jangoan2010,476.25,307974.0313275,0.32
India,Telangana,Jayashankar Bhupalapally,2010,Jayashankar Bhupalapally2010,280.0,307974.0313275,0.23
India,Telangana,Jogulamba Gadwal,2010,Jogulamba Gadwal2010,910.0,307974.0313275,0.25
India,Telangana,Kamareddy,2010,Kamareddy2010,324.20001,307974.0313275,0.27
India,Telangana,Karimnagar,2010,Karimnagar2010,360.0,307974.0313275,0.2
India,Telangana,Karimnagar,2010,Karimnagar2010,360.0,307974.0313275,0.2
India,Telangana,Khammam,2010,Khammam2010,487.22223,307974.0313275,0.23
India,Telangana,Khammam,2010,Khammam2010,487.22223,307974.0313275,0.23
India,Telangana,Kumuram Bheem Asifabad,2010,Kumuram Bheem Asifabad2010,445.25,307974.0313275,0.37
India,Telangana,Mahabubabad,2010,Mahabubabad2010,473.33334,307974.0313275,0.23
India,Telangana,Mahabubnagar,2010,Mahabubnagar2010,590.0,307974.0313275,0.25
India,Telangana,Mancherial,2010,Mancherial2010,421.875,307974.0313275,0.37
India,Telangana,Medak,2010,Medak2010,530.33331,307974.0313275,0.23
India,Telangana,Medak,2010,Medak2010,530.33331,307974.0313275,0.23
India,Telangana,Medchal Malkajgiri,2010,Medchal Malkajgiri2010,435.0,307974.0313275,0.31
India,Telangana,Nalgonda,2010,Nalgonda2010,494.5,307974.0313275,0.32
India,Telangana,Nalgonda,2010,Nalgonda2010,494.5,307974.0313275,0.32
India,Telangana,Narayanpet,2010,Narayanpet2010,240.0,307974.0313275,0.25
India,Telangana,Nirmal,2010,Nirmal2010,425.16666,307974.0313275,0.37
India,Telangana,Nizamabad,2010,Nizamabad2010,381.5,307974.0313275,0.27
India,Telangana,Nizamabad,2010,Nizamabad2010,381.5,307974.0313275,0.27
India,Telangana,Peddapalli,2010,Peddapalli2010,494.0,307974.0313275,0.2
India,Telangana,Rajanna Sircilla,2010,Rajanna Sircilla2010,461.66666,307974.0313275,0.2
India,Telangana,Ranga Reddy,2010,Ranga Reddy2010,209.85715,307974.0313275,0.31
India,Telangana,Sangareddy,2010,Sangareddy2010,377.0,307974.0313275,0.23
India,Telangana,Siddipet,2010,Siddipet2010,265.0,307974.0313275,0.23
India,Telangana,Suryapet,2010,Suryapet2010,489.20001,307974.0313275,0.32
India,Telangana,Vikarabad,2010,Vikarabad2010,306.25,307974.0313275,0.31
India,Telangana,Warangal Rural,2010,Warangal Rural2010,381.25,307974.0313275,0.23
India,Telangana,Warangal Urban,2010,Warangal Urban2010,367.0,307974.0313275,0.23
India,Tripura,Dhalai,2010,Dhalai2010,100.66666,15962.0300499,0.17
India,Tripura,North Tripura,2010,North Tripura2010,91.0,15962.0300499,0.24
India,Tripura,South Tripura,2010,South Tripura2010,78.800003,15962.0300499,0.24
India,Tripura,West Tripura,2010,West Tripura2010,85.714287,15962.0300499,0.27
India,Uttar Pradesh,Hamirpur,2010,Hamirpur2010,172.0,612018.7067716,0.24
India,Uttar Pradesh,Jhansi,2010,Jhansi2010,225.0,612018.7067716,0.34
India,Uttarakhand,Champawat,2010,Champawat2010,117.0,92717.0888381,0.29
India,Uttarakhand,Dehradun,2010,Dehradun2010,111.07143,92717.0888381,0.28
India,Uttarakhand,Haridwar,2010,Haridwar2010,155.0,92717.0888381,0.48
India,Uttarakhand,Nainital,2010,Nainital2010,139.39999,92717.0888381,0.33
India,Uttarakhand,Pauri Garhwal,2010,Pauri Garhwal2010,48.0,92717.0888381,0.26
India,Uttarakhand,Udam Singh Nagar,2010,Udam Singh Nagar2010,191.60001,92717.0888381,0.3
India,West Bengal,24 Paraganas South,2010,24 Paraganas South2010,197.70833,456461.6610105,0.29
India,West Bengal,Bankura,2010,Bankura2010,240.92592,456461.6610105,0.25
India,West Bengal,Birbhum,2010,Birbhum2010,180.0,456461.6610105,0.24
India,West Bengal,Coochbehar,2010,Coochbehar2010,121.5625,456461.6610105,0.2
India,West Bengal,Darjeeling,2010,Darjeeling2010,90.416664,456461.6610105,0.28
India,West Bengal,Dinajpur Dakshin,2010,Dinajpur Dakshin2010,82.5,456461.6610105,0.24
India,West Bengal,Dinajpur Uttar,2010,Dinajpur Uttar2010,171.875,456461.6610105,0.28
India,West Bengal,Hooghly,2010,Hooghly2010,234.28572,456461.6610105,0.28
India,West Bengal,Howrah,2010,Howrah2010,208.0,456461.6610105,0.31
India,West Bengal,Jhargram,2010,Jhargram2010,177.5,456461.6610105,0.28
India,West Bengal,Kolkata,2010,Kolkata2010,256.66666,456461.6610105,0.4
India,West Bengal,Maldah,2010,Maldah2010,204.16667,456461.6610105,0.26
India,West Bengal,Medinipur West,2010,Medinipur West2010,150.35715,456461.6610105,0.28
India,West Bengal,Nadia,2010,Nadia2010,278.84616,456461.6610105,0.25
India,West Bengal,Paschim Bardhaman,2010,Paschim Bardhaman2010,196.15384,456461.6610105,0.31
India,West Bengal,Purba Bardhaman,2010,Purba Bardhaman2010,191.11111,456461.6610105,0.31
India,West Bengal,Purulia,2010,Purulia2010,307.05884,456461.6610105,0.23
